id,status,slug,platform,scheduler,publishAtAmericaChicago,durationSeconds,title,caption
"DGR-001","SCRIPTED_NOT_RENDERED","windows-10-pc-still-works-plain-answer","TikTok","Buffer","2026-09-27T09:00:00","12","Your computer may still have years left. — Plain answer","Plain answer: Switching: here is the plain answer. Your computer may still have years left. Dagric OS is designed for people moving a working PC to a supported, familiar desktop. Try the live desktop first: https://dagric.com #DagricOS #Linux #PC"
"DGR-004","SCRIPTED_NOT_RENDERED","windows-10-pc-still-works-three-point-check","Snapchat Spotlight","Later","2026-09-29T20:00:00","30","Your computer may still have years left. — Three-point check","Three-point check: Three things to verify about switching. Your computer may still have years left. Dagric OS is designed for people moving a working PC to a s…"
"DGR-002","SCRIPTED_NOT_RENDERED","windows-10-pc-still-works-show-the-screen","Instagram Reels","Later","2026-09-30T18:00:00","18","Your computer may still have years left. — Show the screen","Show the screen: Do not take our word for it—look at switching on the actual desktop. Your computer may still have years left. Dagric OS is designed for people moving a working PC to a supported, familiar desktop. Try the live desktop first: https://dagric.com #DagricOS #LinuxDesktop #PC"
"DGR-003","SCRIPTED_NOT_RENDERED","windows-10-pc-still-works-before-you-switch","YouTube Shorts","Publer","2026-10-02T16:00:00","24","Your computer may still have years left. — Before you switch","Before you switch: Before you switch a PC, check this: windows 10 support ended. Your computer may still have years left. Dagric OS is designed for people moving a working PC to a supported, familiar desktop. Try the live desktop first: https://dagric.com #DagricOS #Linux #Shorts"
"DGR-005","SCRIPTED_NOT_RENDERED","windows-10-pc-still-works-claim-and-proof","TikTok","Later","2026-10-04T09:00:00","15","Your computer may still have years left. — Claim and proof","Claim and proof: Your computer may still have years left. Here is the proof path. Your computer may still have years left. Dagric OS is designed for people moving a working PC to a supported, familiar desktop. Try the live desktop first: https://dagric.com #DagricOS #Linux #PC"
"DGR-008","SCRIPTED_NOT_RENDERED","windows-10-pc-still-works-owner-story","Snapchat Spotlight","Later","2026-10-06T20:00:00","36","Your computer may still have years left. — Owner story","Owner story: Imagine this is the PC you already own. Windows 10 support ended. Your computer may still have years left. Dagric OS is designed for people moving…"
"DGR-006","SCRIPTED_NOT_RENDERED","windows-10-pc-still-works-common-question","Instagram Reels","Publer","2026-10-07T18:00:00","21","Your computer may still have years left. — Common question","Common question: A common Dagric question: your computer may still have years left. Your computer may still have years left. Dagric OS is designed for people moving a working PC to a supported, familiar desktop. Try the live desktop first: https://dagric.com #DagricOS #LinuxDesktop #PC"
"DGR-007","SCRIPTED_NOT_RENDERED","windows-10-pc-still-works-decision-guide","YouTube Shorts","Buffer","2026-10-09T16:00:00","27","Your computer may still have years left. — Decision guide","Decision guide: Is this the right choice for your PC? Start with switching. Your computer may still have years left. Dagric OS is designed for people moving a working PC to a supported, familiar desktop. Try the live desktop first: https://dagric.com #DagricOS #Linux #Shorts"
"DGR-009","SCRIPTED_NOT_RENDERED","zero-dagric-telemetry-plain-answer","TikTok","Publer","2026-10-11T09:00:00","18","No product telemetry. No crash reports. — Plain answer","Plain answer: Privacy: here is the plain answer. No product telemetry. No crash reports. Update and firmware checks are documented separately in the privacy policy. Read the privacy details: https://dagric.com #DagricOS #Linux #PC"
"DGR-012","SCRIPTED_NOT_RENDERED","zero-dagric-telemetry-three-point-check","Snapchat Spotlight","Later","2026-10-13T20:00:00","15","No product telemetry. No crash reports. — Three-point check","Three-point check: Three things to verify about privacy. No product telemetry. No crash reports. Update and firmware checks are documented separately in the pr…"
"DGR-010","SCRIPTED_NOT_RENDERED","zero-dagric-telemetry-show-the-screen","Instagram Reels","Buffer","2026-10-14T18:00:00","24","No product telemetry. No crash reports. — Show the screen","Show the screen: Do not take our word for it—look at privacy on the actual desktop. No product telemetry. No crash reports. Update and firmware checks are documented separately in the privacy policy. Read the privacy details: https://dagric.com #DagricOS #LinuxDesktop #PC"
"DGR-011","SCRIPTED_NOT_RENDERED","zero-dagric-telemetry-before-you-switch","YouTube Shorts","Later","2026-10-16T16:00:00","30","No product telemetry. No crash reports. — Before you switch","Before you switch: Before you switch a PC, check this: what the installed os sends us. No product telemetry. No crash reports. Update and firmware checks are documented separately in the privacy policy. Read the privacy details: https://dagric.com #DagricOS #Linux #Shorts"
"DGR-013","SCRIPTED_NOT_RENDERED","zero-dagric-telemetry-claim-and-proof","TikTok","Buffer","2026-10-18T09:00:00","21","No product telemetry. No crash reports. — Claim and proof","Claim and proof: No product telemetry. No crash reports. Here is the proof path. No product telemetry. No crash reports. Update and firmware checks are documented separately in the privacy policy. Read the privacy details: https://dagric.com #DagricOS #Linux #PC"
"DGR-016","SCRIPTED_NOT_RENDERED","zero-dagric-telemetry-owner-story","Snapchat Spotlight","Later","2026-10-20T20:00:00","12","No product telemetry. No crash reports. — Owner story","Owner story: Imagine this is the PC you already own. What the installed OS sends us. No product telemetry. No crash reports. Update and firmware checks are doc…"
"DGR-014","SCRIPTED_NOT_RENDERED","zero-dagric-telemetry-common-question","Instagram Reels","Later","2026-10-21T18:00:00","27","No product telemetry. No crash reports. — Common question","Common question: A common Dagric question: no product telemetry. no crash reports. No product telemetry. No crash reports. Update and firmware checks are documented separately in the privacy policy. Read the privacy details: https://dagric.com #DagricOS #LinuxDesktop #PC"
"DGR-015","SCRIPTED_NOT_RENDERED","zero-dagric-telemetry-decision-guide","YouTube Shorts","Publer","2026-10-23T16:00:00","36","No product telemetry. No crash reports. — Decision guide","Decision guide: Is this the right choice for your PC? Start with privacy. No product telemetry. No crash reports. Update and firmware checks are documented separately in the privacy policy. Read the privacy details: https://dagric.com #DagricOS #Linux #Shorts"
"DGR-017","SCRIPTED_NOT_RENDERED","no-dagric-account-plain-answer","TikTok","Later","2026-10-25T09:00:00","24","No Dagric account required. — Plain answer","Plain answer: Ownership: here is the plain answer. No Dagric account required. The desktop works without asking a server for permission. There is no Dagric advertising ID. Your machine, your login: https://dagric.com #DagricOS #Linux #PC"
"DGR-020","SCRIPTED_NOT_RENDERED","no-dagric-account-three-point-check","Snapchat Spotlight","Later","2026-10-27T20:00:00","21","No Dagric account required. — Three-point check","Three-point check: Three things to verify about ownership. No Dagric account required. The desktop works without asking a server for permission. There is no Da…"
"DGR-018","SCRIPTED_NOT_RENDERED","no-dagric-account-show-the-screen","Instagram Reels","Publer","2026-10-28T18:00:00","30","No Dagric account required. — Show the screen","Show the screen: Do not take our word for it—look at ownership on the actual desktop. No Dagric account required. The desktop works without asking a server for permission. There is no Dagric advertising ID. Your machine, your login: https://dagric.com #DagricOS #LinuxDesktop #PC"
"DGR-019","SCRIPTED_NOT_RENDERED","no-dagric-account-before-you-switch","YouTube Shorts","Buffer","2026-10-30T16:00:00","15","No Dagric account required. — Before you switch","Before you switch: Before you switch a PC, check this: start the computer. No Dagric account required. The desktop works without asking a server for permission. There is no Dagric advertising ID. Your machine, your login: https://dagric.com #DagricOS #Linux #Shorts"
"DGR-021","SCRIPTED_NOT_RENDERED","no-dagric-account-claim-and-proof","TikTok","Publer","2026-11-01T09:00:00","27","No Dagric account required. — Claim and proof","Claim and proof: No Dagric account required. Here is the proof path. No Dagric account required. The desktop works without asking a server for permission. There is no Dagric advertising ID. Your machine, your login: https://dagric.com #DagricOS #Linux #PC"
"DGR-024","SCRIPTED_NOT_RENDERED","no-dagric-account-owner-story","Snapchat Spotlight","Later","2026-11-03T20:00:00","18","No Dagric account required. — Owner story","Owner story: Imagine this is the PC you already own. Start the computer. No Dagric account required. The desktop works without asking a server for permission.…"
"DGR-022","SCRIPTED_NOT_RENDERED","no-dagric-account-common-question","Instagram Reels","Buffer","2026-11-04T18:00:00","36","No Dagric account required. — Common question","Common question: A common Dagric question: no dagric account required. No Dagric account required. The desktop works without asking a server for permission. There is no Dagric advertising ID. Your machine, your login: https://dagric.com #DagricOS #LinuxDesktop #PC"
"DGR-023","SCRIPTED_NOT_RENDERED","no-dagric-account-decision-guide","YouTube Shorts","Later","2026-11-06T16:00:00","12","No Dagric account required. — Decision guide","Decision guide: Is this the right choice for your PC? Start with ownership. No Dagric account required. The desktop works without asking a server for permission. There is no Dagric advertising ID. Your machine, your login: https://dagric.com #DagricOS #Linux #Shorts"
"DGR-025","SCRIPTED_NOT_RENDERED","check-this-pc-plain-answer","TikTok","Buffer","2026-11-08T09:00:00","30","Ask the USB about your actual hardware. — Plain answer","Plain answer: Hardware: here is the plain answer. Ask the USB about your actual hardware. Check This PC reports on networking, graphics, sound, firmware, storage, battery, camera, and printers. Nothing is installed while it checks: https://dagric.com #DagricOS #Linux #PC"
"DGR-028","SCRIPTED_NOT_RENDERED","check-this-pc-three-point-check","Snapchat Spotlight","Later","2026-11-10T20:00:00","27","Ask the USB about your actual hardware. — Three-point check","Three-point check: Three things to verify about hardware. Ask the USB about your actual hardware. Check This PC reports on networking, graphics, sound, firmwar…"
"DGR-026","SCRIPTED_NOT_RENDERED","check-this-pc-show-the-screen","Instagram Reels","Later","2026-11-11T18:00:00","15","Ask the USB about your actual hardware. — Show the screen","Show the screen: Do not take our word for it—look at hardware on the actual desktop. Ask the USB about your actual hardware. Check This PC reports on networking, graphics, sound, firmware, storage, battery, camera, and printers. Nothing is installed while it checks: https://dagric.com #DagricOS #LinuxDesktop #PC"
"DGR-027","SCRIPTED_NOT_RENDERED","check-this-pc-before-you-switch","YouTube Shorts","Publer","2026-11-13T16:00:00","21","Ask the USB about your actual hardware. — Before you switch","Before you switch: Before you switch a PC, check this: before installation. Ask the USB about your actual hardware. Check This PC reports on networking, graphics, sound, firmware, storage, battery, camera, and printers. Nothing is installed while it checks: https://dagric.com #DagricOS #Linux #Shorts"
"DGR-029","SCRIPTED_NOT_RENDERED","check-this-pc-claim-and-proof","TikTok","Later","2026-11-15T09:00:00","36","Ask the USB about your actual hardware. — Claim and proof","Claim and proof: Ask the USB about your actual hardware. Here is the proof path. Ask the USB about your actual hardware. Check This PC reports on networking, graphics, sound, firmware, storage, battery, camera, and printers. Nothing is installed while it checks: https://dagric.com #DagricOS #Linux #PC"
"DGR-032","SCRIPTED_NOT_RENDERED","check-this-pc-owner-story","Snapchat Spotlight","Later","2026-11-17T20:00:00","24","Ask the USB about your actual hardware. — Owner story","Owner story: Imagine this is the PC you already own. Before installation. Ask the USB about your actual hardware. Check This PC reports on networking, graphics…"
"DGR-030","SCRIPTED_NOT_RENDERED","check-this-pc-common-question","Instagram Reels","Publer","2026-11-18T18:00:00","12","Ask the USB about your actual hardware. — Common question","Common question: A common Dagric question: ask the usb about your actual hardware. Ask the USB about your actual hardware. Check This PC reports on networking, graphics, sound, firmware, storage, battery, camera, and printers. Nothing is installed while it checks: https://dagric.com #DagricOS #LinuxDesktop #PC"
"DGR-031","SCRIPTED_NOT_RENDERED","check-this-pc-decision-guide","YouTube Shorts","Buffer","2026-11-20T16:00:00","18","Ask the USB about your actual hardware. — Decision guide","Decision guide: Is this the right choice for your PC? Start with hardware. Ask the USB about your actual hardware. Check This PC reports on networking, graphics, sound, firmware, storage, battery, camera, and printers. Nothing is installed while it checks: https://dagric.com #DagricOS #Linux #Shorts"
"DGR-033","SCRIPTED_NOT_RENDERED","try-live-usb-first-plain-answer","TikTok","Publer","2026-11-22T09:00:00","15","Use Dagric before you install it. — Plain answer","Plain answer: Try first: here is the plain answer. Use Dagric before you install it. Browse, open files, test Wi-Fi, and inspect the desktop while Windows remains untouched on the disk. Remove the USB to return to Windows: https://dagric.com #DagricOS #Linux #PC"
"DGR-036","SCRIPTED_NOT_RENDERED","try-live-usb-first-three-point-check","Snapchat Spotlight","Later","2026-11-24T20:00:00","36","Use Dagric before you install it. — Three-point check","Three-point check: Three things to verify about try first. Use Dagric before you install it. Browse, open files, test Wi-Fi, and inspect the desktop while Wind…"
"DGR-034","SCRIPTED_NOT_RENDERED","try-live-usb-first-show-the-screen","Instagram Reels","Buffer","2026-11-25T18:00:00","21","Use Dagric before you install it. — Show the screen","Show the screen: Do not take our word for it—look at try first on the actual desktop. Use Dagric before you install it. Browse, open files, test Wi-Fi, and inspect the desktop while Windows remains untouched on the disk. Remove the USB to return to Windows: https://dagric.com #DagricOS #LinuxDesktop #PC"
"DGR-035","SCRIPTED_NOT_RENDERED","try-live-usb-first-before-you-switch","YouTube Shorts","Later","2026-11-27T16:00:00","27","Use Dagric before you install it. — Before you switch","Before you switch: Before you switch a PC, check this: a live desktop, not a sales demo. Use Dagric before you install it. Browse, open files, test Wi-Fi, and inspect the desktop while Windows remains untouched on the disk. Remove the USB to return to Windows: https://dagric.com #DagricOS #Linux #Shorts"
"DGR-037","SCRIPTED_NOT_RENDERED","try-live-usb-first-claim-and-proof","TikTok","Buffer","2026-11-29T09:00:00","12","Use Dagric before you install it. — Claim and proof","Claim and proof: Use Dagric before you install it. Here is the proof path. Use Dagric before you install it. Browse, open files, test Wi-Fi, and inspect the desktop while Windows remains untouched on the disk. Remove the USB to return to Windows: https://dagric.com #DagricOS #Linux #PC"
"DGR-040","SCRIPTED_NOT_RENDERED","try-live-usb-first-owner-story","Snapchat Spotlight","Later","2026-12-01T20:00:00","30","Use Dagric before you install it. — Owner story","Owner story: Imagine this is the PC you already own. A live desktop, not a sales demo. Use Dagric before you install it. Browse, open files, test Wi-Fi, and in…"
"DGR-038","SCRIPTED_NOT_RENDERED","try-live-usb-first-common-question","Instagram Reels","Later","2026-12-02T18:00:00","18","Use Dagric before you install it. — Common question","Common question: A common Dagric question: use dagric before you install it. Use Dagric before you install it. Browse, open files, test Wi-Fi, and inspect the desktop while Windows remains untouched on the disk. Remove the USB to return to Windows: https://dagric.com #DagricOS #LinuxDesktop #PC"
"DGR-039","SCRIPTED_NOT_RENDERED","try-live-usb-first-decision-guide","YouTube Shorts","Publer","2026-12-04T16:00:00","24","Use Dagric before you install it. — Decision guide","Decision guide: Is this the right choice for your PC? Start with try first. Use Dagric before you install it. Browse, open files, test Wi-Fi, and inspect the desktop while Windows remains untouched on the disk. Remove the USB to return to Windows: https://dagric.com #DagricOS #Linux #Shorts"
"DGR-041","SCRIPTED_NOT_RENDERED","read-only-windows-migration-plain-answer","TikTok","Later","2026-12-06T09:00:00","21","Windows is read, never rewritten. — Plain answer","Plain answer: Migration: here is the plain answer. Windows is read, never rewritten. Migration Assistant copies selected folders and prepares bookmarks while mounting the Windows partition read-only. Copy what you choose: https://dagric.com #DagricOS #Linux #PC"
"DGR-044","SCRIPTED_NOT_RENDERED","read-only-windows-migration-three-point-check","Snapchat Spotlight","Later","2026-12-08T20:00:00","12","Windows is read, never rewritten. — Three-point check","Three-point check: Three things to verify about migration. Windows is read, never rewritten. Migration Assistant copies selected folders and prepares bookmarks…"
"DGR-042","SCRIPTED_NOT_RENDERED","read-only-windows-migration-show-the-screen","Instagram Reels","Publer","2026-12-09T18:00:00","27","Windows is read, never rewritten. — Show the screen","Show the screen: Do not take our word for it—look at migration on the actual desktop. Windows is read, never rewritten. Migration Assistant copies selected folders and prepares bookmarks while mounting the Windows partition read-only. Copy what you choose: https://dagric.com #DagricOS #LinuxDesktop #PC"
"DGR-043","SCRIPTED_NOT_RENDERED","read-only-windows-migration-before-you-switch","YouTube Shorts","Buffer","2026-12-11T16:00:00","36","Windows is read, never rewritten. — Before you switch","Before you switch: Before you switch a PC, check this: bring your files with you. Windows is read, never rewritten. Migration Assistant copies selected folders and prepares bookmarks while mounting the Windows partition read-only. Copy what you choose: https://dagric.com #DagricOS #Linux #Shorts"
"DGR-045","SCRIPTED_NOT_RENDERED","read-only-windows-migration-claim-and-proof","TikTok","Publer","2026-12-13T09:00:00","18","Windows is read, never rewritten. — Claim and proof","Claim and proof: Windows is read, never rewritten. Here is the proof path. Windows is read, never rewritten. Migration Assistant copies selected folders and prepares bookmarks while mounting the Windows partition read-only. Copy what you choose: https://dagric.com #DagricOS #Linux #PC"
"DGR-048","SCRIPTED_NOT_RENDERED","read-only-windows-migration-owner-story","Snapchat Spotlight","Later","2026-12-15T20:00:00","15","Windows is read, never rewritten. — Owner story","Owner story: Imagine this is the PC you already own. Bring your files with you. Windows is read, never rewritten. Migration Assistant copies selected folders a…"
"DGR-046","SCRIPTED_NOT_RENDERED","read-only-windows-migration-common-question","Instagram Reels","Buffer","2026-12-16T18:00:00","24","Windows is read, never rewritten. — Common question","Common question: A common Dagric question: windows is read, never rewritten. Windows is read, never rewritten. Migration Assistant copies selected folders and prepares bookmarks while mounting the Windows partition read-only. Copy what you choose: https://dagric.com #DagricOS #LinuxDesktop #PC"
"DGR-047","SCRIPTED_NOT_RENDERED","read-only-windows-migration-decision-guide","YouTube Shorts","Later","2026-12-18T16:00:00","30","Windows is read, never rewritten. — Decision guide","Decision guide: Is this the right choice for your PC? Start with migration. Windows is read, never rewritten. Migration Assistant copies selected folders and prepares bookmarks while mounting the Windows partition read-only. Copy what you choose: https://dagric.com #DagricOS #Linux #Shorts"
"DGR-049","SCRIPTED_NOT_RENDERED","familiar-start-menu-plain-answer","TikTok","Buffer","2026-12-20T09:00:00","27","Search, favorites, and shutdown are where you expect. — Plain answer","Plain answer: Familiar: here is the plain answer. Search, favorites, and shutdown are where you expect. A familiar launcher lowers the learning curve without pretending the desktop is Windows. Open it and get moving: https://dagric.com #DagricOS #Linux #PC"
"DGR-052","SCRIPTED_NOT_RENDERED","familiar-start-menu-three-point-check","Snapchat Spotlight","Later","2026-12-22T20:00:00","18","Search, favorites, and shutdown are where you expect. — Three-point check","Three-point check: Three things to verify about familiar. Search, favorites, and shutdown are where you expect. A familiar launcher lowers the learning curve w…"
"DGR-050","SCRIPTED_NOT_RENDERED","familiar-start-menu-show-the-screen","Instagram Reels","Later","2026-12-23T18:00:00","36","Search, favorites, and shutdown are where you expect. — Show the screen","Show the screen: Do not take our word for it—look at familiar on the actual desktop. Search, favorites, and shutdown are where you expect. A familiar launcher lowers the learning curve without pretending the desktop is Windows. Open it and get moving: https://dagric.com #DagricOS #LinuxDesktop #PC"
"DGR-051","SCRIPTED_NOT_RENDERED","familiar-start-menu-before-you-switch","YouTube Shorts","Publer","2026-12-25T16:00:00","12","Search, favorites, and shutdown are where you expect. — Before you switch","Before you switch: Before you switch a PC, check this: day one. Search, favorites, and shutdown are where you expect. A familiar launcher lowers the learning curve without pretending the desktop is Windows. Open it and get moving: https://dagric.com #DagricOS #Linux #Shorts"
"DGR-053","SCRIPTED_NOT_RENDERED","familiar-start-menu-claim-and-proof","TikTok","Later","2026-12-27T09:00:00","24","Search, favorites, and shutdown are where you expect. — Claim and proof","Claim and proof: Search, favorites, and shutdown are where you expect. Here is the proof path. Search, favorites, and shutdown are where you expect. A familiar launcher lowers the learning curve without pretending the desktop is Windows. Open it and get moving: https://dagric.com #DagricOS #Linux #PC"
"DGR-056","SCRIPTED_NOT_RENDERED","familiar-start-menu-owner-story","Snapchat Spotlight","Later","2026-12-29T20:00:00","21","Search, favorites, and shutdown are where you expect. — Owner story","Owner story: Imagine this is the PC you already own. Day one. Search, favorites, and shutdown are where you expect. A familiar launcher lowers the learning cur…"
"DGR-054","SCRIPTED_NOT_RENDERED","familiar-start-menu-common-question","Instagram Reels","Publer","2026-12-30T18:00:00","30","Search, favorites, and shutdown are where you expect. — Common question","Common question: A common Dagric question: search, favorites, and shutdown are where you expect. Search, favorites, and shutdown are where you expect. A familiar launcher lowers the learning curve without pretending the desktop is Windows. Open it and get moving: https://dagric.com #DagricOS #LinuxDesktop #PC"
"DGR-055","SCRIPTED_NOT_RENDERED","familiar-start-menu-decision-guide","YouTube Shorts","Buffer","2027-01-01T16:00:00","15","Search, favorites, and shutdown are where you expect. — Decision guide","Decision guide: Is this the right choice for your PC? Start with familiar. Search, favorites, and shutdown are where you expect. A familiar launcher lowers the learning curve without pretending the desktop is Windows. Open it and get moving: https://dagric.com #DagricOS #Linux #Shorts"
"DGR-057","SCRIPTED_NOT_RENDERED","dagric-hub-plain-answer","TikTok","Publer","2027-01-03T09:00:00","36","Drivers, printers, security, layouts, and guides. — Plain answer","Plain answer: Owner tools: here is the plain answer. Drivers, printers, security, layouts, and guides. Dagric Hub groups the common owner tasks in one window instead of scattering them across forum posts. Meet the Dagric Hub: https://dagric.com #DagricOS #Linux #PC"
"DGR-060","SCRIPTED_NOT_RENDERED","dagric-hub-three-point-check","Snapchat Spotlight","Later","2027-01-05T20:00:00","24","Drivers, printers, security, layouts, and guides. — Three-point check","Three-point check: Three things to verify about owner tools. Drivers, printers, security, layouts, and guides. Dagric Hub groups the common owner tasks in one…"
"DGR-058","SCRIPTED_NOT_RENDERED","dagric-hub-show-the-screen","Instagram Reels","Buffer","2027-01-06T18:00:00","12","Drivers, printers, security, layouts, and guides. — Show the screen","Show the screen: Do not take our word for it—look at owner tools on the actual desktop. Drivers, printers, security, layouts, and guides. Dagric Hub groups the common owner tasks in one window instead of scattering them across forum posts. Meet the Dagric Hub: https://dagric.com #DagricOS #LinuxDesktop #PC"
"DGR-059","SCRIPTED_NOT_RENDERED","dagric-hub-before-you-switch","YouTube Shorts","Later","2027-01-08T16:00:00","18","Drivers, printers, security, layouts, and guides. — Before you switch","Before you switch: Before you switch a PC, check this: one place to start. Drivers, printers, security, layouts, and guides. Dagric Hub groups the common owner tasks in one window instead of scattering them across forum posts. Meet the Dagric Hub: https://dagric.com #DagricOS #Linux #Shorts"
"DGR-061","SCRIPTED_NOT_RENDERED","dagric-hub-claim-and-proof","TikTok","Buffer","2027-01-10T09:00:00","30","Drivers, printers, security, layouts, and guides. — Claim and proof","Claim and proof: Drivers, printers, security, layouts, and guides. Here is the proof path. Drivers, printers, security, layouts, and guides. Dagric Hub groups the common owner tasks in one window instead of scattering them across forum posts. Meet the Dagric Hub: https://dagric.com #DagricOS #Linux #PC"
"DGR-064","SCRIPTED_NOT_RENDERED","dagric-hub-owner-story","Snapchat Spotlight","Later","2027-01-12T20:00:00","27","Drivers, printers, security, layouts, and guides. — Owner story","Owner story: Imagine this is the PC you already own. One place to start. Drivers, printers, security, layouts, and guides. Dagric Hub groups the common owner t…"
"DGR-062","SCRIPTED_NOT_RENDERED","dagric-hub-common-question","Instagram Reels","Later","2027-01-13T18:00:00","15","Drivers, printers, security, layouts, and guides. — Common question","Common question: A common Dagric question: drivers, printers, security, layouts, and guides. Drivers, printers, security, layouts, and guides. Dagric Hub groups the common owner tasks in one window instead of scattering them across forum posts. Meet the Dagric Hub: https://dagric.com #DagricOS #LinuxDesktop #PC"
"DGR-063","SCRIPTED_NOT_RENDERED","dagric-hub-decision-guide","YouTube Shorts","Publer","2027-01-15T16:00:00","21","Drivers, printers, security, layouts, and guides. — Decision guide","Decision guide: Is this the right choice for your PC? Start with owner tools. Drivers, printers, security, layouts, and guides. Dagric Hub groups the common owner tasks in one window instead of scattering them across forum posts. Meet the Dagric Hub: https://dagric.com #DagricOS #Linux #Shorts"
"DGR-065","SCRIPTED_NOT_RENDERED","seven-installer-steps-plain-answer","TikTok","Later","2027-01-17T09:00:00","12","Seven installer steps. Review before writing. — Plain answer","Plain answer: Installation: here is the plain answer. Seven installer steps. Review before writing. Welcome, location, keyboard, partitions, users, summary, and install—the summary is your final checkpoint. Choose the disk carefully: https://dagric.com #DagricOS #Linux #PC"
"DGR-068","SCRIPTED_NOT_RENDERED","seven-installer-steps-three-point-check","Snapchat Spotlight","Later","2027-01-19T20:00:00","30","Seven installer steps. Review before writing. — Three-point check","Three-point check: Three things to verify about installation. Seven installer steps. Review before writing. Welcome, location, keyboard, partitions, users, sum…"
"DGR-066","SCRIPTED_NOT_RENDERED","seven-installer-steps-show-the-screen","Instagram Reels","Publer","2027-01-20T18:00:00","18","Seven installer steps. Review before writing. — Show the screen","Show the screen: Do not take our word for it—look at installation on the actual desktop. Seven installer steps. Review before writing. Welcome, location, keyboard, partitions, users, summary, and install—the summary is your final checkpoint. Choose the disk carefully: https://dagric.com #DagricOS #LinuxDesktop #PC"
"DGR-067","SCRIPTED_NOT_RENDERED","seven-installer-steps-before-you-switch","YouTube Shorts","Buffer","2027-01-22T16:00:00","24","Seven installer steps. Review before writing. — Before you switch","Before you switch: Before you switch a PC, check this: the path is named up front. Seven installer steps. Review before writing. Welcome, location, keyboard, partitions, users, summary, and install—the summary is your final checkpoint. Choose the disk carefully: https://dagric.com #DagricOS #Linux #Shorts"
"DGR-069","SCRIPTED_NOT_RENDERED","seven-installer-steps-claim-and-proof","TikTok","Publer","2027-01-24T09:00:00","15","Seven installer steps. Review before writing. — Claim and proof","Claim and proof: Seven installer steps. Review before writing. Here is the proof path. Seven installer steps. Review before writing. Welcome, location, keyboard, partitions, users, summary, and install—the summary is your final checkpoint. Choose the disk carefully: https://dagric.com #DagricOS #Linux #PC"
"DGR-072","SCRIPTED_NOT_RENDERED","seven-installer-steps-owner-story","Snapchat Spotlight","Later","2027-01-26T20:00:00","36","Seven installer steps. Review before writing. — Owner story","Owner story: Imagine this is the PC you already own. The path is named up front. Seven installer steps. Review before writing. Welcome, location, keyboard, par…"
"DGR-070","SCRIPTED_NOT_RENDERED","seven-installer-steps-common-question","Instagram Reels","Buffer","2027-01-27T18:00:00","21","Seven installer steps. Review before writing. — Common question","Common question: A common Dagric question: seven installer steps. review before writing. Seven installer steps. Review before writing. Welcome, location, keyboard, partitions, users, summary, and install—the summary is your final checkpoint. Choose the disk carefully: https://dagric.com #DagricOS #LinuxDesktop #PC"
"DGR-071","SCRIPTED_NOT_RENDERED","seven-installer-steps-decision-guide","YouTube Shorts","Later","2027-01-29T16:00:00","27","Seven installer steps. Review before writing. — Decision guide","Decision guide: Is this the right choice for your PC? Start with installation. Seven installer steps. Review before writing. Welcome, location, keyboard, partitions, users, summary, and install—the summary is your final checkpoint. Choose the disk carefully: https://dagric.com #DagricOS #Linux #Shorts"
"DGR-073","SCRIPTED_NOT_RENDERED","encryption-and-btrfs-plain-answer","TikTok","Buffer","2027-01-31T09:00:00","18","Btrfs is selected. Encryption is a checkbox. — Plain answer","Plain answer: Installation: here is the plain answer. Btrfs is selected. Encryption is a checkbox. The default filesystem supports snapshots; full-disk encryption remains an explicit choice during installation. Review every partition first: https://dagric.com #DagricOS #Linux #PC"
"DGR-076","SCRIPTED_NOT_RENDERED","encryption-and-btrfs-three-point-check","Snapchat Spotlight","Later","2027-02-02T20:00:00","15","Btrfs is selected. Encryption is a checkbox. — Three-point check","Three-point check: Three things to verify about installation. Btrfs is selected. Encryption is a checkbox. The default filesystem supports snapshots; full-disk…"
"DGR-074","SCRIPTED_NOT_RENDERED","encryption-and-btrfs-show-the-screen","Instagram Reels","Later","2027-02-03T18:00:00","24","Btrfs is selected. Encryption is a checkbox. — Show the screen","Show the screen: Do not take our word for it—look at installation on the actual desktop. Btrfs is selected. Encryption is a checkbox. The default filesystem supports snapshots; full-disk encryption remains an explicit choice during installation. Review every partition first: https://dagric.com #DagricOS #LinuxDesktop #PC"
"DGR-075","SCRIPTED_NOT_RENDERED","encryption-and-btrfs-before-you-switch","YouTube Shorts","Publer","2027-02-05T16:00:00","30","Btrfs is selected. Encryption is a checkbox. — Before you switch","Before you switch: Before you switch a PC, check this: disk setup. Btrfs is selected. Encryption is a checkbox. The default filesystem supports snapshots; full-disk encryption remains an explicit choice during installation. Review every partition first: https://dagric.com #DagricOS #Linux #Shorts"
"DGR-077","SCRIPTED_NOT_RENDERED","encryption-and-btrfs-claim-and-proof","TikTok","Later","2027-02-07T09:00:00","21","Btrfs is selected. Encryption is a checkbox. — Claim and proof","Claim and proof: Btrfs is selected. Encryption is a checkbox. Here is the proof path. Btrfs is selected. Encryption is a checkbox. The default filesystem supports snapshots; full-disk encryption remains an explicit choice during installation. Review every partition first: https://dagric.com #DagricOS #Linux #PC"
"DGR-080","SCRIPTED_NOT_RENDERED","encryption-and-btrfs-owner-story","Snapchat Spotlight","Later","2027-02-09T20:00:00","12","Btrfs is selected. Encryption is a checkbox. — Owner story","Owner story: Imagine this is the PC you already own. Disk setup. Btrfs is selected. Encryption is a checkbox. The default filesystem supports snapshots; full-d…"
"DGR-078","SCRIPTED_NOT_RENDERED","encryption-and-btrfs-common-question","Instagram Reels","Publer","2027-02-10T18:00:00","27","Btrfs is selected. Encryption is a checkbox. — Common question","Common question: A common Dagric question: btrfs is selected. encryption is a checkbox. Btrfs is selected. Encryption is a checkbox. The default filesystem supports snapshots; full-disk encryption remains an explicit choice during installation. Review every partition first: https://dagric.com #DagricOS #LinuxDesktop #PC"
"DGR-079","SCRIPTED_NOT_RENDERED","encryption-and-btrfs-decision-guide","YouTube Shorts","Buffer","2027-02-12T16:00:00","36","Btrfs is selected. Encryption is a checkbox. — Decision guide","Decision guide: Is this the right choice for your PC? Start with installation. Btrfs is selected. Encryption is a checkbox. The default filesystem supports snapshots; full-disk encryption remains an explicit choice during installation. Review every partition first: https://dagric.com #DagricOS #Linux #Shorts"
"DGR-081","SCRIPTED_NOT_RENDERED","boot-menu-rollback-plain-answer","TikTok","Publer","2027-02-14T09:00:00","24","Choose a snapshot from the boot menu. — Plain answer","Plain answer: Recovery: here is the plain answer. Choose a snapshot from the boot menu. On the default Btrfs installation, Dagric creates snapshots before updates so an earlier state remains available. Recovery before reinstalling: https://dagric.com #DagricOS #Linux #PC"
"DGR-084","SCRIPTED_NOT_RENDERED","boot-menu-rollback-three-point-check","Snapchat Spotlight","Later","2027-02-16T20:00:00","21","Choose a snapshot from the boot menu. — Three-point check","Three-point check: Three things to verify about recovery. Choose a snapshot from the boot menu. On the default Btrfs installation, Dagric creates snapshots bef…"
"DGR-082","SCRIPTED_NOT_RENDERED","boot-menu-rollback-show-the-screen","Instagram Reels","Buffer","2027-02-17T18:00:00","30","Choose a snapshot from the boot menu. — Show the screen","Show the screen: Do not take our word for it—look at recovery on the actual desktop. Choose a snapshot from the boot menu. On the default Btrfs installation, Dagric creates snapshots before updates so an earlier state remains available. Recovery before reinstalling: https://dagric.com #DagricOS #LinuxDesktop #PC"
"DGR-083","SCRIPTED_NOT_RENDERED","boot-menu-rollback-before-you-switch","YouTube Shorts","Later","2027-02-19T16:00:00","15","Choose a snapshot from the boot menu. — Before you switch","Before you switch: Before you switch a PC, check this: when an update goes wrong. Choose a snapshot from the boot menu. On the default Btrfs installation, Dagric creates snapshots before updates so an earlier state remains available. Recovery before reinstalling: https://dagric.com #DagricOS #Linux #Shorts"
"DGR-085","SCRIPTED_NOT_RENDERED","boot-menu-rollback-claim-and-proof","TikTok","Buffer","2027-02-21T09:00:00","27","Choose a snapshot from the boot menu. — Claim and proof","Claim and proof: Choose a snapshot from the boot menu. Here is the proof path. Choose a snapshot from the boot menu. On the default Btrfs installation, Dagric creates snapshots before updates so an earlier state remains available. Recovery before reinstalling: https://dagric.com #DagricOS #Linux #PC"
"DGR-088","SCRIPTED_NOT_RENDERED","boot-menu-rollback-owner-story","Snapchat Spotlight","Later","2027-02-23T20:00:00","18","Choose a snapshot from the boot menu. — Owner story","Owner story: Imagine this is the PC you already own. When an update goes wrong. Choose a snapshot from the boot menu. On the default Btrfs installation, Dagric…"
"DGR-086","SCRIPTED_NOT_RENDERED","boot-menu-rollback-common-question","Instagram Reels","Later","2027-02-24T18:00:00","36","Choose a snapshot from the boot menu. — Common question","Common question: A common Dagric question: choose a snapshot from the boot menu. Choose a snapshot from the boot menu. On the default Btrfs installation, Dagric creates snapshots before updates so an earlier state remains available. Recovery before reinstalling: https://dagric.com #DagricOS #LinuxDesktop #PC"
"DGR-087","SCRIPTED_NOT_RENDERED","boot-menu-rollback-decision-guide","YouTube Shorts","Publer","2027-02-26T16:00:00","12","Choose a snapshot from the boot menu. — Decision guide","Decision guide: Is this the right choice for your PC? Start with recovery. Choose a snapshot from the boot menu. On the default Btrfs installation, Dagric creates snapshots before updates so an earlier state remains available. Recovery before reinstalling: https://dagric.com #DagricOS #Linux #Shorts"
"DGR-089","SCRIPTED_NOT_RENDERED","updates-without-forced-restarts-plain-answer","TikTok","Later","2027-02-28T09:00:00","30","Updates can install without hijacking your restart. — Plain answer","Plain answer: Updates: here is the plain answer. Updates can install without hijacking your restart. Security updates install automatically; you choose when the computer reboots. The reboot stays yours: https://dagric.com #DagricOS #Linux #PC"
"DGR-092","SCRIPTED_NOT_RENDERED","updates-without-forced-restarts-three-point-check","Snapchat Spotlight","Later","2027-03-02T20:00:00","27","Updates can install without hijacking your restart. — Three-point check","Three-point check: Three things to verify about updates. Updates can install without hijacking your restart. Security updates install automatically; you choose…"
"DGR-090","SCRIPTED_NOT_RENDERED","updates-without-forced-restarts-show-the-screen","Instagram Reels","Publer","2027-03-03T18:00:00","15","Updates can install without hijacking your restart. — Show the screen","Show the screen: Do not take our word for it—look at updates on the actual desktop. Updates can install without hijacking your restart. Security updates install automatically; you choose when the computer reboots. The reboot stays yours: https://dagric.com #DagricOS #LinuxDesktop #PC"
"DGR-091","SCRIPTED_NOT_RENDERED","updates-without-forced-restarts-before-you-switch","YouTube Shorts","Buffer","2027-03-05T16:00:00","21","Updates can install without hijacking your restart. — Before you switch","Before you switch: Before you switch a PC, check this: security maintenance. Updates can install without hijacking your restart. Security updates install automatically; you choose when the computer reboots. The reboot stays yours: https://dagric.com #DagricOS #Linux #Shorts"
"DGR-093","SCRIPTED_NOT_RENDERED","updates-without-forced-restarts-claim-and-proof","TikTok","Publer","2027-03-07T09:00:00","36","Updates can install without hijacking your restart. — Claim and proof","Claim and proof: Updates can install without hijacking your restart. Here is the proof path. Updates can install without hijacking your restart. Security updates install automatically; you choose when the computer reboots. The reboot stays yours: https://dagric.com #DagricOS #Linux #PC"
"DGR-096","SCRIPTED_NOT_RENDERED","updates-without-forced-restarts-owner-story","Snapchat Spotlight","Later","2027-03-09T20:00:00","24","Updates can install without hijacking your restart. — Owner story","Owner story: Imagine this is the PC you already own. Security maintenance. Updates can install without hijacking your restart. Security updates install automat…"
"DGR-094","SCRIPTED_NOT_RENDERED","updates-without-forced-restarts-common-question","Instagram Reels","Buffer","2027-03-10T18:00:00","12","Updates can install without hijacking your restart. — Common question","Common question: A common Dagric question: updates can install without hijacking your restart. Updates can install without hijacking your restart. Security updates install automatically; you choose when the computer reboots. The reboot stays yours: https://dagric.com #DagricOS #LinuxDesktop #PC"
"DGR-095","SCRIPTED_NOT_RENDERED","updates-without-forced-restarts-decision-guide","YouTube Shorts","Later","2027-03-12T16:00:00","18","Updates can install without hijacking your restart. — Decision guide","Decision guide: Is this the right choice for your PC? Start with updates. Updates can install without hijacking your restart. Security updates install automatically; you choose when the computer reboots. The reboot stays yours: https://dagric.com #DagricOS #Linux #Shorts"
"DGR-097","SCRIPTED_NOT_RENDERED","seven-desktop-layouts-plain-answer","TikTok","Buffer","2027-03-14T09:00:00","15","Seven layouts, one set of files and apps. — Plain answer","Plain answer: Looks: here is the plain answer. Seven layouts, one set of files and apps. Three layouts ship with Free and four more with Pro. Change the arrangement without rebuilding your workspace. Pick the layout that feels right: https://dagric.com #DagricOS #Linux #PC"
"DGR-100","SCRIPTED_NOT_RENDERED","seven-desktop-layouts-three-point-check","Snapchat Spotlight","Later","2027-03-16T20:00:00","36","Seven layouts, one set of files and apps. — Three-point check","Three-point check: Three things to verify about looks. Seven layouts, one set of files and apps. Three layouts ship with Free and four more with Pro. Change th…"
"DGR-098","SCRIPTED_NOT_RENDERED","seven-desktop-layouts-show-the-screen","Instagram Reels","Later","2027-03-17T18:00:00","21","Seven layouts, one set of files and apps. — Show the screen","Show the screen: Do not take our word for it—look at looks on the actual desktop. Seven layouts, one set of files and apps. Three layouts ship with Free and four more with Pro. Change the arrangement without rebuilding your workspace. Pick the layout that feels right: https://dagric.com #DagricOS #LinuxDesktop #PC"
"DGR-099","SCRIPTED_NOT_RENDERED","seven-desktop-layouts-before-you-switch","YouTube Shorts","Publer","2027-03-19T16:00:00","27","Seven layouts, one set of files and apps. — Before you switch","Before you switch: Before you switch a PC, check this: shape the desktop. Seven layouts, one set of files and apps. Three layouts ship with Free and four more with Pro. Change the arrangement without rebuilding your workspace. Pick the layout that feels right: https://dagric.com #DagricOS #Linux #Shorts"
"DGR-101","SCRIPTED_NOT_RENDERED","seven-desktop-layouts-claim-and-proof","TikTok","Later","2027-03-21T09:00:00","12","Seven layouts, one set of files and apps. — Claim and proof","Claim and proof: Seven layouts, one set of files and apps. Here is the proof path. Seven layouts, one set of files and apps. Three layouts ship with Free and four more with Pro. Change the arrangement without rebuilding your workspace. Pick the layout that feels right: https://dagric.com #DagricOS #Linux #PC"
"DGR-104","SCRIPTED_NOT_RENDERED","seven-desktop-layouts-owner-story","Snapchat Spotlight","Later","2027-03-23T20:00:00","30","Seven layouts, one set of files and apps. — Owner story","Owner story: Imagine this is the PC you already own. Shape the desktop. Seven layouts, one set of files and apps. Three layouts ship with Free and four more wi…"
"DGR-102","SCRIPTED_NOT_RENDERED","seven-desktop-layouts-common-question","Instagram Reels","Publer","2027-03-24T18:00:00","18","Seven layouts, one set of files and apps. — Common question","Common question: A common Dagric question: seven layouts, one set of files and apps. Seven layouts, one set of files and apps. Three layouts ship with Free and four more with Pro. Change the arrangement without rebuilding your workspace. Pick the layout that feels right: https://dagric.com #DagricOS #LinuxDesktop #PC"
"DGR-103","SCRIPTED_NOT_RENDERED","seven-desktop-layouts-decision-guide","YouTube Shorts","Buffer","2027-03-26T16:00:00","24","Seven layouts, one set of files and apps. — Decision guide","Decision guide: Is this the right choice for your PC? Start with looks. Seven layouts, one set of files and apps. Three layouts ship with Free and four more with Pro. Change the arrangement without rebuilding your workspace. Pick the layout that feels right: https://dagric.com #DagricOS #Linux #Shorts"
"DGR-105","SCRIPTED_NOT_RENDERED","free-edition-plain-answer","TikTok","Publer","2027-03-28T09:00:00","21","Free means free—no account and no expiration. — Plain answer","Plain answer: Free: here is the plain answer. Free means free—no account and no expiration. The Free edition includes the private desktop, Hub, hardware check, migration tools, rollback, and everyday applications. Download the Free ISO: https://dagric.com #DagricOS #Linux #PC"
"DGR-108","SCRIPTED_NOT_RENDERED","free-edition-three-point-check","Snapchat Spotlight","Later","2027-03-30T20:00:00","12","Free means free—no account and no expiration. — Three-point check","Three-point check: Three things to verify about free. Free means free—no account and no expiration. The Free edition includes the private desktop, Hub, hardwar…"
"DGR-106","SCRIPTED_NOT_RENDERED","free-edition-show-the-screen","Instagram Reels","Buffer","2027-03-31T18:00:00","27","Free means free—no account and no expiration. — Show the screen","Show the screen: Do not take our word for it—look at free on the actual desktop. Free means free—no account and no expiration. The Free edition includes the private desktop, Hub, hardware check, migration tools, rollback, and everyday applications. Download the Free ISO: https://dagric.com #DagricOS #LinuxDesktop #PC"
"DGR-107","SCRIPTED_NOT_RENDERED","free-edition-before-you-switch","YouTube Shorts","Later","2027-04-02T16:00:00","36","Free means free—no account and no expiration. — Before you switch","Before you switch: Before you switch a PC, check this: a complete daily desktop. Free means free—no account and no expiration. The Free edition includes the private desktop, Hub, hardware check, migration tools, rollback, and everyday applications. Download the Free ISO: https://dagric.com #DagricOS #Linux #Shorts"
"DGR-109","SCRIPTED_NOT_RENDERED","free-edition-claim-and-proof","TikTok","Buffer","2027-04-04T09:00:00","18","Free means free—no account and no expiration. — Claim and proof","Claim and proof: Free means free—no account and no expiration. Here is the proof path. Free means free—no account and no expiration. The Free edition includes the private desktop, Hub, hardware check, migration tools, rollback, and everyday applications. Download the Free ISO: https://dagric.com #DagricOS #Linux #PC"
"DGR-112","SCRIPTED_NOT_RENDERED","free-edition-owner-story","Snapchat Spotlight","Later","2027-04-06T20:00:00","15","Free means free—no account and no expiration. — Owner story","Owner story: Imagine this is the PC you already own. A complete daily desktop. Free means free—no account and no expiration. The Free edition includes the priv…"
"DGR-110","SCRIPTED_NOT_RENDERED","free-edition-common-question","Instagram Reels","Later","2027-04-07T18:00:00","24","Free means free—no account and no expiration. — Common question","Common question: A common Dagric question: free means free—no account and no expiration. Free means free—no account and no expiration. The Free edition includes the private desktop, Hub, hardware check, migration tools, rollback, and everyday applications. Download the Free ISO: https://dagric.com #DagricOS #LinuxDesktop #PC"
"DGR-111","SCRIPTED_NOT_RENDERED","free-edition-decision-guide","YouTube Shorts","Publer","2027-04-09T16:00:00","30","Free means free—no account and no expiration. — Decision guide","Decision guide: Is this the right choice for your PC? Start with free. Free means free—no account and no expiration. The Free edition includes the private desktop, Hub, hardware check, migration tools, rollback, and everyday applications. Download the Free ISO: https://dagric.com #DagricOS #Linux #Shorts"
"DGR-113","SCRIPTED_NOT_RENDERED","pro-one-time-purchase-plain-answer","TikTok","Later","2027-04-11T09:00:00","27","Pro is not a subscription. — Plain answer","Plain answer: Dagric Pro: here is the plain answer. Pro is not a subscription. Pro adds the curated creator, gaming, developer, and Windows-app stack with updates included. Test Free before buying: https://dagric.com #DagricOS #Linux #PC"
"DGR-116","SCRIPTED_NOT_RENDERED","pro-one-time-purchase-three-point-check","Snapchat Spotlight","Later","2027-04-13T20:00:00","18","Pro is not a subscription. — Three-point check","Three-point check: Three things to verify about dagric pro. Pro is not a subscription. Pro adds the curated creator, gaming, developer, and Windows-app stack w…"
"DGR-114","SCRIPTED_NOT_RENDERED","pro-one-time-purchase-show-the-screen","Instagram Reels","Publer","2027-04-14T18:00:00","36","Pro is not a subscription. — Show the screen","Show the screen: Do not take our word for it—look at dagric pro on the actual desktop. Pro is not a subscription. Pro adds the curated creator, gaming, developer, and Windows-app stack with updates included. Test Free before buying: https://dagric.com #DagricOS #LinuxDesktop #PC"
"DGR-115","SCRIPTED_NOT_RENDERED","pro-one-time-purchase-before-you-switch","YouTube Shorts","Buffer","2027-04-16T16:00:00","12","Pro is not a subscription. — Before you switch","Before you switch: Before you switch a PC, check this: $39 once for one machine. Pro is not a subscription. Pro adds the curated creator, gaming, developer, and Windows-app stack with updates included. Test Free before buying: https://dagric.com #DagricOS #Linux #Shorts"
"DGR-117","SCRIPTED_NOT_RENDERED","pro-one-time-purchase-claim-and-proof","TikTok","Publer","2027-04-18T09:00:00","24","Pro is not a subscription. — Claim and proof","Claim and proof: Pro is not a subscription. Here is the proof path. Pro is not a subscription. Pro adds the curated creator, gaming, developer, and Windows-app stack with updates included. Test Free before buying: https://dagric.com #DagricOS #Linux #PC"
"DGR-120","SCRIPTED_NOT_RENDERED","pro-one-time-purchase-owner-story","Snapchat Spotlight","Later","2027-04-20T20:00:00","21","Pro is not a subscription. — Owner story","Owner story: Imagine this is the PC you already own. $39 once for one machine. Pro is not a subscription. Pro adds the curated creator, gaming, developer, and…"
"DGR-118","SCRIPTED_NOT_RENDERED","pro-one-time-purchase-common-question","Instagram Reels","Buffer","2027-04-21T18:00:00","30","Pro is not a subscription. — Common question","Common question: A common Dagric question: pro is not a subscription. Pro is not a subscription. Pro adds the curated creator, gaming, developer, and Windows-app stack with updates included. Test Free before buying: https://dagric.com #DagricOS #LinuxDesktop #PC"
"DGR-119","SCRIPTED_NOT_RENDERED","pro-one-time-purchase-decision-guide","YouTube Shorts","Later","2027-04-23T16:00:00","15","Pro is not a subscription. — Decision guide","Decision guide: Is this the right choice for your PC? Start with dagric pro. Pro is not a subscription. Pro adds the curated creator, gaming, developer, and Windows-app stack with updates included. Test Free before buying: https://dagric.com #DagricOS #Linux #Shorts"
"DGR-121","SCRIPTED_NOT_RENDERED","windows-apps-with-bottles-plain-answer","TikTok","Buffer","2027-04-25T09:00:00","36","Install Bottles from the Hub on either edition. — Plain answer","Plain answer: Windows apps: here is the plain answer. Install Bottles from the Hub on either edition. Many Windows programs run in separate containers. Compatibility still depends on the individual application. Check the app, not just the logo: https://dagric.com #DagricOS #Linux #PC"
"DGR-124","SCRIPTED_NOT_RENDERED","windows-apps-with-bottles-three-point-check","Snapchat Spotlight","Later","2027-04-27T20:00:00","24","Install Bottles from the Hub on either edition. — Three-point check","Three-point check: Three things to verify about windows apps. Install Bottles from the Hub on either edition. Many Windows programs run in separate containers.…"
"DGR-122","SCRIPTED_NOT_RENDERED","windows-apps-with-bottles-show-the-screen","Instagram Reels","Later","2027-04-28T18:00:00","12","Install Bottles from the Hub on either edition. — Show the screen","Show the screen: Do not take our word for it—look at windows apps on the actual desktop. Install Bottles from the Hub on either edition. Many Windows programs run in separate containers. Compatibility still depends on the individual application. Check the app, not just the logo: https://dagric.com #DagricOS #LinuxDesktop #PC"
"DGR-123","SCRIPTED_NOT_RENDERED","windows-apps-with-bottles-before-you-switch","YouTube Shorts","Publer","2027-04-30T16:00:00","18","Install Bottles from the Hub on either edition. — Before you switch","Before you switch: Before you switch a PC, check this: keep the app you still need. Install Bottles from the Hub on either edition. Many Windows programs run in separate containers. Compatibility still depends on the individual application. Check the app, not just the logo: https://dagric.com #DagricOS #Linux #Shorts"
"DGR-125","SCRIPTED_NOT_RENDERED","windows-apps-with-bottles-claim-and-proof","TikTok","Later","2027-05-02T09:00:00","30","Install Bottles from the Hub on either edition. — Claim and proof","Claim and proof: Install Bottles from the Hub on either edition. Here is the proof path. Install Bottles from the Hub on either edition. Many Windows programs run in separate containers. Compatibility still depends on the individual application. Check the app, not just the logo: https://dagric.com #DagricOS #Linux #PC"
"DGR-128","SCRIPTED_NOT_RENDERED","windows-apps-with-bottles-owner-story","Snapchat Spotlight","Later","2027-05-04T20:00:00","27","Install Bottles from the Hub on either edition. — Owner story","Owner story: Imagine this is the PC you already own. Keep the app you still need. Install Bottles from the Hub on either edition. Many Windows programs run in…"
"DGR-126","SCRIPTED_NOT_RENDERED","windows-apps-with-bottles-common-question","Instagram Reels","Publer","2027-05-05T18:00:00","15","Install Bottles from the Hub on either edition. — Common question","Common question: A common Dagric question: install bottles from the hub on either edition. Install Bottles from the Hub on either edition. Many Windows programs run in separate containers. Compatibility still depends on the individual application. Check the app, not just the logo: https://dagric.com #DagricOS #LinuxDesktop #PC"
"DGR-127","SCRIPTED_NOT_RENDERED","windows-apps-with-bottles-decision-guide","YouTube Shorts","Buffer","2027-05-07T16:00:00","21","Install Bottles from the Hub on either edition. — Decision guide","Decision guide: Is this the right choice for your PC? Start with windows apps. Install Bottles from the Hub on either edition. Many Windows programs run in separate containers. Compatibility still depends on the individual application. Check the app, not just the logo: https://dagric.com #DagricOS #Linux #Shorts"
"DGR-129","SCRIPTED_NOT_RENDERED","gaming-tools-plain-answer","TikTok","Publer","2027-05-09T09:00:00","12","Steam, Heroic, Proton, and Bottles have a home in the Hub. — Plain answer","Plain answer: Gaming: here is the plain answer. Steam, Heroic, Proton, and Bottles have a home in the Hub. Free provides one-click helpers; Pro adds a tuned gaming and Wine runtime already installed. Verify each game before switching: https://dagric.com #DagricOS #Linux #PC"
"DGR-132","SCRIPTED_NOT_RENDERED","gaming-tools-three-point-check","Snapchat Spotlight","Later","2027-05-11T20:00:00","30","Steam, Heroic, Proton, and Bottles have a home in the Hub. — Three-point check","Three-point check: Three things to verify about gaming. Steam, Heroic, Proton, and Bottles have a home in the Hub. Free provides one-click helpers; Pro adds a…"
"DGR-130","SCRIPTED_NOT_RENDERED","gaming-tools-show-the-screen","Instagram Reels","Buffer","2027-05-12T18:00:00","18","Steam, Heroic, Proton, and Bottles have a home in the Hub. — Show the screen","Show the screen: Do not take our word for it—look at gaming on the actual desktop. Steam, Heroic, Proton, and Bottles have a home in the Hub. Free provides one-click helpers; Pro adds a tuned gaming and Wine runtime already installed. Verify each game before switching: https://dagric.com #DagricOS #LinuxDesktop #PC"
"DGR-131","SCRIPTED_NOT_RENDERED","gaming-tools-before-you-switch","YouTube Shorts","Later","2027-05-14T16:00:00","24","Steam, Heroic, Proton, and Bottles have a home in the Hub. — Before you switch","Before you switch: Before you switch a PC, check this: pc games on linux. Steam, Heroic, Proton, and Bottles have a home in the Hub. Free provides one-click helpers; Pro adds a tuned gaming and Wine runtime already installed. Verify each game before switching: https://dagric.com #DagricOS #Linux #Shorts"
"DGR-133","SCRIPTED_NOT_RENDERED","gaming-tools-claim-and-proof","TikTok","Buffer","2027-05-16T09:00:00","15","Steam, Heroic, Proton, and Bottles have a home in the Hub. — Claim and proof","Claim and proof: Steam, Heroic, Proton, and Bottles have a home in the Hub. Here is the proof path. Steam, Heroic, Proton, and Bottles have a home in the Hub. Free provides one-click helpers; Pro adds a tuned gaming and Wine runtime already installed. Verify each game before switching: https://dagric.com #DagricOS #Linux #PC"
"DGR-136","SCRIPTED_NOT_RENDERED","gaming-tools-owner-story","Snapchat Spotlight","Later","2027-05-18T20:00:00","36","Steam, Heroic, Proton, and Bottles have a home in the Hub. — Owner story","Owner story: Imagine this is the PC you already own. PC games on Linux. Steam, Heroic, Proton, and Bottles have a home in the Hub. Free provides one-click help…"
"DGR-134","SCRIPTED_NOT_RENDERED","gaming-tools-common-question","Instagram Reels","Later","2027-05-19T18:00:00","21","Steam, Heroic, Proton, and Bottles have a home in the Hub. — Common question","Common question: A common Dagric question: steam, heroic, proton, and bottles have a home in the hub. Steam, Heroic, Proton, and Bottles have a home in the Hub. Free provides one-click helpers; Pro adds a tuned gaming and Wine runtime already installed. Verify each game before switching: https://dagric.com #DagricOS #LinuxDesktop #PC"
"DGR-135","SCRIPTED_NOT_RENDERED","gaming-tools-decision-guide","YouTube Shorts","Publer","2027-05-21T16:00:00","27","Steam, Heroic, Proton, and Bottles have a home in the Hub. — Decision guide","Decision guide: Is this the right choice for your PC? Start with gaming. Steam, Heroic, Proton, and Bottles have a home in the Hub. Free provides one-click helpers; Pro adds a tuned gaming and Wine runtime already installed. Verify each game before switching: https://dagric.com #DagricOS #Linux #Shorts"
"DGR-137","SCRIPTED_NOT_RENDERED","creator-toolkit-plain-answer","TikTok","Later","2027-05-23T09:00:00","18","Create with open tools instead of assembling them one by one. — Plain answer","Plain answer: Creators: here is the plain answer. Create with open tools instead of assembling them one by one. Pro groups a tested set of graphics, audio, video, publishing, and media utilities for creators. See the exact Pro package list: https://dagric.com #DagricOS #Linux #PC"
"DGR-140","SCRIPTED_NOT_RENDERED","creator-toolkit-three-point-check","Snapchat Spotlight","Later","2027-05-25T20:00:00","15","Create with open tools instead of assembling them one by one. — Three-point check","Three-point check: Three things to verify about creators. Create with open tools instead of assembling them one by one. Pro groups a tested set of graphics, au…"
"DGR-138","SCRIPTED_NOT_RENDERED","creator-toolkit-show-the-screen","Instagram Reels","Publer","2027-05-26T18:00:00","24","Create with open tools instead of assembling them one by one. — Show the screen","Show the screen: Do not take our word for it—look at creators on the actual desktop. Create with open tools instead of assembling them one by one. Pro groups a tested set of graphics, audio, video, publishing, and media utilities for creators. See the exact Pro package list: https://dagric.com #DagricOS #LinuxDesktop #PC"
"DGR-139","SCRIPTED_NOT_RENDERED","creator-toolkit-before-you-switch","YouTube Shorts","Buffer","2027-05-28T16:00:00","30","Create with open tools instead of assembling them one by one. — Before you switch","Before you switch: Before you switch a PC, check this: a curated studio. Create with open tools instead of assembling them one by one. Pro groups a tested set of graphics, audio, video, publishing, and media utilities for creators. See the exact Pro package list: https://dagric.com #DagricOS #Linux #Shorts"
"DGR-141","SCRIPTED_NOT_RENDERED","creator-toolkit-claim-and-proof","TikTok","Publer","2027-05-30T09:00:00","21","Create with open tools instead of assembling them one by one. — Claim and proof","Claim and proof: Create with open tools instead of assembling them one by one. Here is the proof path. Create with open tools instead of assembling them one by one. Pro groups a tested set of graphics, audio, video, publishing, and media utilities for creators. See the exact Pro package list: https://dagric.com #DagricOS #Linux #PC"
"DGR-144","SCRIPTED_NOT_RENDERED","creator-toolkit-owner-story","Snapchat Spotlight","Later","2027-06-01T20:00:00","12","Create with open tools instead of assembling them one by one. — Owner story","Owner story: Imagine this is the PC you already own. A curated studio. Create with open tools instead of assembling them one by one. Pro groups a tested set of…"
"DGR-142","SCRIPTED_NOT_RENDERED","creator-toolkit-common-question","Instagram Reels","Buffer","2027-06-02T18:00:00","27","Create with open tools instead of assembling them one by one. — Common question","Common question: A common Dagric question: create with open tools instead of assembling them one by one. Create with open tools instead of assembling them one by one. Pro groups a tested set of graphics, audio, video, publishing, and media utilities for creators. See the exact Pro package list: https://dagric.com #DagricOS #LinuxDesktop #PC"
"DGR-143","SCRIPTED_NOT_RENDERED","creator-toolkit-decision-guide","YouTube Shorts","Later","2027-06-04T16:00:00","36","Create with open tools instead of assembling them one by one. — Decision guide","Decision guide: Is this the right choice for your PC? Start with creators. Create with open tools instead of assembling them one by one. Pro groups a tested set of graphics, audio, video, publishing, and media utilities for creators. See the exact Pro package list: https://dagric.com #DagricOS #Linux #Shorts"
"DGR-145","SCRIPTED_NOT_RENDERED","developer-stack-plain-answer","TikTok","Buffer","2027-06-06T09:00:00","24","Containers, editors, databases, and language tools—curated together. — Plain answer","Plain answer: Developers: here is the plain answer. Containers, editors, databases, and language tools—curated together. Pro adds a developer stack while the Debian base remains available to every edition. Inspect the package manifest: https://dagric.com #DagricOS #Linux #PC"
"DGR-148","SCRIPTED_NOT_RENDERED","developer-stack-three-point-check","Snapchat Spotlight","Later","2027-06-08T20:00:00","21","Containers, editors, databases, and language tools—curated together. — Three-point check","Three-point check: Three things to verify about developers. Containers, editors, databases, and language tools—curated together. Pro adds a developer stack whi…"
"DGR-146","SCRIPTED_NOT_RENDERED","developer-stack-show-the-screen","Instagram Reels","Later","2027-06-09T18:00:00","30","Containers, editors, databases, and language tools—curated together. — Show the screen","Show the screen: Do not take our word for it—look at developers on the actual desktop. Containers, editors, databases, and language tools—curated together. Pro adds a developer stack while the Debian base remains available to every edition. Inspect the package manifest: https://dagric.com #DagricOS #LinuxDesktop #PC"
"DGR-147","SCRIPTED_NOT_RENDERED","developer-stack-before-you-switch","YouTube Shorts","Publer","2027-06-11T16:00:00","15","Containers, editors, databases, and language tools—curated together. — Before you switch","Before you switch: Before you switch a PC, check this: build locally. Containers, editors, databases, and language tools—curated together. Pro adds a developer stack while the Debian base remains available to every edition. Inspect the package manifest: https://dagric.com #DagricOS #Linux #Shorts"
"DGR-149","SCRIPTED_NOT_RENDERED","developer-stack-claim-and-proof","TikTok","Later","2027-06-13T09:00:00","27","Containers, editors, databases, and language tools—curated together. — Claim and proof","Claim and proof: Containers, editors, databases, and language tools—curated together. Here is the proof path. Containers, editors, databases, and language tools—curated together. Pro adds a developer stack while the Debian base remains available to every edition. Inspect the package manifest: https://dagric.com #DagricOS #Linux #PC"
"DGR-152","SCRIPTED_NOT_RENDERED","developer-stack-owner-story","Snapchat Spotlight","Later","2027-06-15T20:00:00","18","Containers, editors, databases, and language tools—curated together. — Owner story","Owner story: Imagine this is the PC you already own. Build locally. Containers, editors, databases, and language tools—curated together. Pro adds a developer s…"
"DGR-150","SCRIPTED_NOT_RENDERED","developer-stack-common-question","Instagram Reels","Publer","2027-06-16T18:00:00","36","Containers, editors, databases, and language tools—curated together. — Common question","Common question: A common Dagric question: containers, editors, databases, and language tools—curated together. Containers, editors, databases, and language tools—curated together. Pro adds a developer stack while the Debian base remains available to every edition. Inspect the package manifest: https://dagric.com #DagricOS #LinuxDesktop #PC"
"DGR-151","SCRIPTED_NOT_RENDERED","developer-stack-decision-guide","YouTube Shorts","Buffer","2027-06-18T16:00:00","12","Containers, editors, databases, and language tools—curated together. — Decision guide","Decision guide: Is this the right choice for your PC? Start with developers. Containers, editors, databases, and language tools—curated together. Pro adds a developer stack while the Debian base remains available to every edition. Inspect the package manifest: https://dagric.com #DagricOS #Linux #Shorts"
"DGR-153","SCRIPTED_NOT_RENDERED","signed-release-proof-plain-answer","TikTok","Publer","2027-06-20T09:00:00","30","Checksums are published and GPG-signed. — Plain answer","Plain answer: Release proof: here is the plain answer. Checksums are published and GPG-signed. Compare the ISO against SHA256SUMS, then verify that file with the public Dagric signing key. Follow the verification guide: https://dagric.com #DagricOS #Linux #PC"
"DGR-156","SCRIPTED_NOT_RENDERED","signed-release-proof-three-point-check","Snapchat Spotlight","Later","2027-06-22T20:00:00","27","Checksums are published and GPG-signed. — Three-point check","Three-point check: Three things to verify about release proof. Checksums are published and GPG-signed. Compare the ISO against SHA256SUMS, then verify that fil…"
"DGR-154","SCRIPTED_NOT_RENDERED","signed-release-proof-show-the-screen","Instagram Reels","Buffer","2027-06-23T18:00:00","15","Checksums are published and GPG-signed. — Show the screen","Show the screen: Do not take our word for it—look at release proof on the actual desktop. Checksums are published and GPG-signed. Compare the ISO against SHA256SUMS, then verify that file with the public Dagric signing key. Follow the verification guide: https://dagric.com #DagricOS #LinuxDesktop #PC"
"DGR-155","SCRIPTED_NOT_RENDERED","signed-release-proof-before-you-switch","YouTube Shorts","Later","2027-06-25T16:00:00","21","Checksums are published and GPG-signed. — Before you switch","Before you switch: Before you switch a PC, check this: verify before booting. Checksums are published and GPG-signed. Compare the ISO against SHA256SUMS, then verify that file with the public Dagric signing key. Follow the verification guide: https://dagric.com #DagricOS #Linux #Shorts"
"DGR-157","SCRIPTED_NOT_RENDERED","signed-release-proof-claim-and-proof","TikTok","Buffer","2027-06-27T09:00:00","36","Checksums are published and GPG-signed. — Claim and proof","Claim and proof: Checksums are published and GPG-signed. Here is the proof path. Checksums are published and GPG-signed. Compare the ISO against SHA256SUMS, then verify that file with the public Dagric signing key. Follow the verification guide: https://dagric.com #DagricOS #Linux #PC"
"DGR-160","SCRIPTED_NOT_RENDERED","signed-release-proof-owner-story","Snapchat Spotlight","Later","2027-06-29T20:00:00","24","Checksums are published and GPG-signed. — Owner story","Owner story: Imagine this is the PC you already own. Verify before booting. Checksums are published and GPG-signed. Compare the ISO against SHA256SUMS, then ve…"
"DGR-158","SCRIPTED_NOT_RENDERED","signed-release-proof-common-question","Instagram Reels","Later","2027-06-30T18:00:00","12","Checksums are published and GPG-signed. — Common question","Common question: A common Dagric question: checksums are published and gpg-signed. Checksums are published and GPG-signed. Compare the ISO against SHA256SUMS, then verify that file with the public Dagric signing key. Follow the verification guide: https://dagric.com #DagricOS #LinuxDesktop #PC"
"DGR-159","SCRIPTED_NOT_RENDERED","signed-release-proof-decision-guide","YouTube Shorts","Publer","2027-07-02T16:00:00","18","Checksums are published and GPG-signed. — Decision guide","Decision guide: Is this the right choice for your PC? Start with release proof. Checksums are published and GPG-signed. Compare the ISO against SHA256SUMS, then verify that file with the public Dagric signing key. Follow the verification guide: https://dagric.com #DagricOS #Linux #Shorts"
"DGR-161","SCRIPTED_NOT_RENDERED","measured-accessibility-plain-answer","TikTok","Later","2027-07-04T09:00:00","15","Supported, partially supported, and unsupported are listed separately. — Plain answer","Plain answer: Accessibility: here is the plain answer. Supported, partially supported, and unsupported are listed separately. Dagric publishes an accessibility conformance report, including known limitations instead of hiding them. Read the accessibility report: https://dagric.com #DagricOS #Linux #PC"
"DGR-164","SCRIPTED_NOT_RENDERED","measured-accessibility-three-point-check","Snapchat Spotlight","Later","2027-07-06T20:00:00","36","Supported, partially supported, and unsupported are listed separately. — Three-point check","Three-point check: Three things to verify about accessibility. Supported, partially supported, and unsupported are listed separately. Dagric publishes an acces…"
"DGR-162","SCRIPTED_NOT_RENDERED","measured-accessibility-show-the-screen","Instagram Reels","Publer","2027-07-07T18:00:00","21","Supported, partially supported, and unsupported are listed separately. — Show the screen","Show the screen: Do not take our word for it—look at accessibility on the actual desktop. Supported, partially supported, and unsupported are listed separately. Dagric publishes an accessibility conformance report, including known limitations instead of hiding them. Read the accessibility report: https://dagric.com #DagricOS #LinuxDesktop #PC"
"DGR-163","SCRIPTED_NOT_RENDERED","measured-accessibility-before-you-switch","YouTube Shorts","Buffer","2027-07-09T16:00:00","27","Supported, partially supported, and unsupported are listed separately. — Before you switch","Before you switch: Before you switch a PC, check this: measured, not promised. Supported, partially supported, and unsupported are listed separately. Dagric publishes an accessibility conformance report, including known limitations instead of hiding them. Read the accessibility report: https://dagric.com #DagricOS #Linux #Shorts"
"DGR-165","SCRIPTED_NOT_RENDERED","measured-accessibility-claim-and-proof","TikTok","Publer","2027-07-11T09:00:00","12","Supported, partially supported, and unsupported are listed separately. — Claim and proof","Claim and proof: Supported, partially supported, and unsupported are listed separately. Here is the proof path. Supported, partially supported, and unsupported are listed separately. Dagric publishes an accessibility conformance report, including known limitations instead of hiding them. Read the accessibility report: https://dagric.com #DagricOS #Linux #PC"
"DGR-168","SCRIPTED_NOT_RENDERED","measured-accessibility-owner-story","Snapchat Spotlight","Later","2027-07-13T20:00:00","30","Supported, partially supported, and unsupported are listed separately. — Owner story","Owner story: Imagine this is the PC you already own. Measured, not promised. Supported, partially supported, and unsupported are listed separately. Dagric publ…"
"DGR-166","SCRIPTED_NOT_RENDERED","measured-accessibility-common-question","Instagram Reels","Buffer","2027-07-14T18:00:00","18","Supported, partially supported, and unsupported are listed separately. — Common question","Common question: A common Dagric question: supported, partially supported, and unsupported are listed separately. Supported, partially supported, and unsupported are listed separately. Dagric publishes an accessibility conformance report, including known limitations instead of hiding them. Read the accessibility report: https://dagric.com #DagricOS #LinuxDesktop #PC"
"DGR-167","SCRIPTED_NOT_RENDERED","measured-accessibility-decision-guide","YouTube Shorts","Later","2027-07-16T16:00:00","24","Supported, partially supported, and unsupported are listed separately. — Decision guide","Decision guide: Is this the right choice for your PC? Start with accessibility. Supported, partially supported, and unsupported are listed separately. Dagric publishes an accessibility conformance report, including known limitations instead of hiding them. Read the accessibility report: https://dagric.com #DagricOS #Linux #Shorts"
"DGR-169","SCRIPTED_NOT_RENDERED","human-support-plain-answer","TikTok","Buffer","2027-07-18T09:00:00","21","A support page, bug form, and human email route. — Plain answer","Plain answer: Support: here is the plain answer. A support page, bug form, and human email route. Common fixes are public, and support messages can be sent through the site or to support at dagric dot com. Start with the public guide: https://dagric.com #DagricOS #Linux #PC"
"DGR-172","SCRIPTED_NOT_RENDERED","human-support-three-point-check","Snapchat Spotlight","Later","2027-07-20T20:00:00","12","A support page, bug form, and human email route. — Three-point check","Three-point check: Three things to verify about support. A support page, bug form, and human email route. Common fixes are public, and support messages can be…"
"DGR-170","SCRIPTED_NOT_RENDERED","human-support-show-the-screen","Instagram Reels","Later","2027-07-21T18:00:00","27","A support page, bug form, and human email route. — Show the screen","Show the screen: Do not take our word for it—look at support on the actual desktop. A support page, bug form, and human email route. Common fixes are public, and support messages can be sent through the site or to support at dagric dot com. Start with the public guide: https://dagric.com #DagricOS #LinuxDesktop #PC"
"DGR-171","SCRIPTED_NOT_RENDERED","human-support-before-you-switch","YouTube Shorts","Publer","2027-07-23T16:00:00","36","A support page, bug form, and human email route. — Before you switch","Before you switch: Before you switch a PC, check this: when the guide is not enough. A support page, bug form, and human email route. Common fixes are public, and support messages can be sent through the site or to support at dagric dot com. Start with the public guide: https://dagric.com #DagricOS #Linux #Shorts"
"DGR-173","SCRIPTED_NOT_RENDERED","human-support-claim-and-proof","TikTok","Later","2027-07-25T09:00:00","18","A support page, bug form, and human email route. — Claim and proof","Claim and proof: A support page, bug form, and human email route. Here is the proof path. A support page, bug form, and human email route. Common fixes are public, and support messages can be sent through the site or to support at dagric dot com. Start with the public guide: https://dagric.com #DagricOS #Linux #PC"
"DGR-176","SCRIPTED_NOT_RENDERED","human-support-owner-story","Snapchat Spotlight","Later","2027-07-27T20:00:00","15","A support page, bug form, and human email route. — Owner story","Owner story: Imagine this is the PC you already own. When the guide is not enough. A support page, bug form, and human email route. Common fixes are public, an…"
"DGR-174","SCRIPTED_NOT_RENDERED","human-support-common-question","Instagram Reels","Publer","2027-07-28T18:00:00","24","A support page, bug form, and human email route. — Common question","Common question: A common Dagric question: a support page, bug form, and human email route. A support page, bug form, and human email route. Common fixes are public, and support messages can be sent through the site or to support at dagric dot com. Start with the public guide: https://dagric.com #DagricOS #LinuxDesktop #PC"
"DGR-175","SCRIPTED_NOT_RENDERED","human-support-decision-guide","YouTube Shorts","Buffer","2027-07-30T16:00:00","30","A support page, bug form, and human email route. — Decision guide","Decision guide: Is this the right choice for your PC? Start with support. A support page, bug form, and human email route. Common fixes are public, and support messages can be sent through the site or to support at dagric dot com. Start with the public guide: https://dagric.com #DagricOS #Linux #Shorts"
"DGR-177","SCRIPTED_NOT_RENDERED","secure-boot-plain-answer","TikTok","Publer","2027-08-01T09:00:00","27","Secure Boot and legacy BIOS are both supported paths. — Plain answer","Plain answer: Firmware: here is the plain answer. Secure Boot and legacy BIOS are both supported paths. The live USB is the fastest way to confirm the exact firmware and hardware combination on your machine. Test your own PC first: https://dagric.com #DagricOS #Linux #PC"
"DGR-180","SCRIPTED_NOT_RENDERED","secure-boot-three-point-check","Snapchat Spotlight","Later","2027-08-03T20:00:00","18","Secure Boot and legacy BIOS are both supported paths. — Three-point check","Three-point check: Three things to verify about firmware. Secure Boot and legacy BIOS are both supported paths. The live USB is the fastest way to confirm the…"
"DGR-178","SCRIPTED_NOT_RENDERED","secure-boot-show-the-screen","Instagram Reels","Buffer","2027-08-04T18:00:00","36","Secure Boot and legacy BIOS are both supported paths. — Show the screen","Show the screen: Do not take our word for it—look at firmware on the actual desktop. Secure Boot and legacy BIOS are both supported paths. The live USB is the fastest way to confirm the exact firmware and hardware combination on your machine. Test your own PC first: https://dagric.com #DagricOS #LinuxDesktop #PC"
"DGR-179","SCRIPTED_NOT_RENDERED","secure-boot-before-you-switch","YouTube Shorts","Later","2027-08-06T16:00:00","12","Secure Boot and legacy BIOS are both supported paths. — Before you switch","Before you switch: Before you switch a PC, check this: modern or older pcs. Secure Boot and legacy BIOS are both supported paths. The live USB is the fastest way to confirm the exact firmware and hardware combination on your machine. Test your own PC first: https://dagric.com #DagricOS #Linux #Shorts"
"DGR-181","SCRIPTED_NOT_RENDERED","secure-boot-claim-and-proof","TikTok","Buffer","2027-08-08T09:00:00","24","Secure Boot and legacy BIOS are both supported paths. — Claim and proof","Claim and proof: Secure Boot and legacy BIOS are both supported paths. Here is the proof path. Secure Boot and legacy BIOS are both supported paths. The live USB is the fastest way to confirm the exact firmware and hardware combination on your machine. Test your own PC first: https://dagric.com #DagricOS #Linux #PC"
"DGR-184","SCRIPTED_NOT_RENDERED","secure-boot-owner-story","Snapchat Spotlight","Later","2027-08-10T20:00:00","21","Secure Boot and legacy BIOS are both supported paths. — Owner story","Owner story: Imagine this is the PC you already own. Modern or older PCs. Secure Boot and legacy BIOS are both supported paths. The live USB is the fastest way…"
"DGR-182","SCRIPTED_NOT_RENDERED","secure-boot-common-question","Instagram Reels","Later","2027-08-11T18:00:00","30","Secure Boot and legacy BIOS are both supported paths. — Common question","Common question: A common Dagric question: secure boot and legacy bios are both supported paths. Secure Boot and legacy BIOS are both supported paths. The live USB is the fastest way to confirm the exact firmware and hardware combination on your machine. Test your own PC first: https://dagric.com #DagricOS #LinuxDesktop #PC"
"DGR-183","SCRIPTED_NOT_RENDERED","secure-boot-decision-guide","YouTube Shorts","Publer","2027-08-13T16:00:00","15","Secure Boot and legacy BIOS are both supported paths. — Decision guide","Decision guide: Is this the right choice for your PC? Start with firmware. Secure Boot and legacy BIOS are both supported paths. The live USB is the fastest way to confirm the exact firmware and hardware combination on your machine. Test your own PC first: https://dagric.com #DagricOS #Linux #Shorts"
"DGR-185","SCRIPTED_NOT_RENDERED","debian-kde-foundation-plain-answer","TikTok","Later","2027-08-15T09:00:00","36","Debian 13 underneath. KDE Plasma on the desktop. — Plain answer","Plain answer: Foundation: here is the plain answer. Debian 13 underneath. KDE Plasma on the desktop. Dagric integrates, configures, hardens, and supports established open-source components rather than hiding the foundation. See the licenses and source: https://dagric.com #DagricOS #Linux #PC"
"DGR-188","SCRIPTED_NOT_RENDERED","debian-kde-foundation-three-point-check","Snapchat Spotlight","Later","2027-08-17T20:00:00","24","Debian 13 underneath. KDE Plasma on the desktop. — Three-point check","Three-point check: Three things to verify about foundation. Debian 13 underneath. KDE Plasma on the desktop. Dagric integrates, configures, hardens, and suppor…"
"DGR-186","SCRIPTED_NOT_RENDERED","debian-kde-foundation-show-the-screen","Instagram Reels","Publer","2027-08-18T18:00:00","12","Debian 13 underneath. KDE Plasma on the desktop. — Show the screen","Show the screen: Do not take our word for it—look at foundation on the actual desktop. Debian 13 underneath. KDE Plasma on the desktop. Dagric integrates, configures, hardens, and supports established open-source components rather than hiding the foundation. See the licenses and source: https://dagric.com #DagricOS #LinuxDesktop #PC"
"DGR-187","SCRIPTED_NOT_RENDERED","debian-kde-foundation-before-you-switch","YouTube Shorts","Buffer","2027-08-20T16:00:00","18","Debian 13 underneath. KDE Plasma on the desktop. — Before you switch","Before you switch: Before you switch a PC, check this: what dagric is built on. Debian 13 underneath. KDE Plasma on the desktop. Dagric integrates, configures, hardens, and supports established open-source components rather than hiding the foundation. See the licenses and source: https://dagric.com #DagricOS #Linux #Shorts"
"DGR-189","SCRIPTED_NOT_RENDERED","debian-kde-foundation-claim-and-proof","TikTok","Publer","2027-08-22T09:00:00","30","Debian 13 underneath. KDE Plasma on the desktop. — Claim and proof","Claim and proof: Debian 13 underneath. KDE Plasma on the desktop. Here is the proof path. Debian 13 underneath. KDE Plasma on the desktop. Dagric integrates, configures, hardens, and supports established open-source components rather than hiding the foundation. See the licenses and source: https://dagric.com #DagricOS #Linux #PC"
"DGR-192","SCRIPTED_NOT_RENDERED","debian-kde-foundation-owner-story","Snapchat Spotlight","Later","2027-08-24T20:00:00","27","Debian 13 underneath. KDE Plasma on the desktop. — Owner story","Owner story: Imagine this is the PC you already own. What Dagric is built on. Debian 13 underneath. KDE Plasma on the desktop. Dagric integrates, configures, h…"
"DGR-190","SCRIPTED_NOT_RENDERED","debian-kde-foundation-common-question","Instagram Reels","Buffer","2027-08-25T18:00:00","15","Debian 13 underneath. KDE Plasma on the desktop. — Common question","Common question: A common Dagric question: debian 13 underneath. kde plasma on the desktop. Debian 13 underneath. KDE Plasma on the desktop. Dagric integrates, configures, hardens, and supports established open-source components rather than hiding the foundation. See the licenses and source: https://dagric.com #DagricOS #LinuxDesktop #PC"
"DGR-191","SCRIPTED_NOT_RENDERED","debian-kde-foundation-decision-guide","YouTube Shorts","Later","2027-08-27T16:00:00","21","Debian 13 underneath. KDE Plasma on the desktop. — Decision guide","Decision guide: Is this the right choice for your PC? Start with foundation. Debian 13 underneath. KDE Plasma on the desktop. Dagric integrates, configures, hardens, and supports established open-source components rather than hiding the foundation. See the licenses and source: https://dagric.com #DagricOS #Linux #Shorts"
"DGR-193","SCRIPTED_NOT_RENDERED","upgrade-free-to-pro-plain-answer","TikTok","Buffer","2027-08-29T09:00:00","12","Upgrade in place without reinstalling. — Plain answer","Plain answer: Upgrade: here is the plain answer. Upgrade in place without reinstalling. Buy Pro, open Dagric Hub, paste the receipt code, and keep the existing files and settings. Download everything before installation begins: https://dagric.com #DagricOS #Linux #PC"
"DGR-196","SCRIPTED_NOT_RENDERED","upgrade-free-to-pro-three-point-check","Snapchat Spotlight","Later","2027-08-31T20:00:00","30","Upgrade in place without reinstalling. — Three-point check","Three-point check: Three things to verify about upgrade. Upgrade in place without reinstalling. Buy Pro, open Dagric Hub, paste the receipt code, and keep the…"
"DGR-194","SCRIPTED_NOT_RENDERED","upgrade-free-to-pro-show-the-screen","Instagram Reels","Later","2027-09-01T18:00:00","18","Upgrade in place without reinstalling. — Show the screen","Show the screen: Do not take our word for it—look at upgrade on the actual desktop. Upgrade in place without reinstalling. Buy Pro, open Dagric Hub, paste the receipt code, and keep the existing files and settings. Download everything before installation begins: https://dagric.com #DagricOS #LinuxDesktop #PC"
"DGR-195","SCRIPTED_NOT_RENDERED","upgrade-free-to-pro-before-you-switch","YouTube Shorts","Publer","2027-09-03T16:00:00","24","Upgrade in place without reinstalling. — Before you switch","Before you switch: Before you switch a PC, check this: start free, decide later. Upgrade in place without reinstalling. Buy Pro, open Dagric Hub, paste the receipt code, and keep the existing files and settings. Download everything before installation begins: https://dagric.com #DagricOS #Linux #Shorts"
"DGR-197","SCRIPTED_NOT_RENDERED","upgrade-free-to-pro-claim-and-proof","TikTok","Later","2027-09-05T09:00:00","15","Upgrade in place without reinstalling. — Claim and proof","Claim and proof: Upgrade in place without reinstalling. Here is the proof path. Upgrade in place without reinstalling. Buy Pro, open Dagric Hub, paste the receipt code, and keep the existing files and settings. Download everything before installation begins: https://dagric.com #DagricOS #Linux #PC"
"DGR-200","SCRIPTED_NOT_RENDERED","upgrade-free-to-pro-owner-story","Snapchat Spotlight","Later","2027-09-07T20:00:00","36","Upgrade in place without reinstalling. — Owner story","Owner story: Imagine this is the PC you already own. Start Free, decide later. Upgrade in place without reinstalling. Buy Pro, open Dagric Hub, paste the recei…"
"DGR-198","SCRIPTED_NOT_RENDERED","upgrade-free-to-pro-common-question","Instagram Reels","Publer","2027-09-08T18:00:00","21","Upgrade in place without reinstalling. — Common question","Common question: A common Dagric question: upgrade in place without reinstalling. Upgrade in place without reinstalling. Buy Pro, open Dagric Hub, paste the receipt code, and keep the existing files and settings. Download everything before installation begins: https://dagric.com #DagricOS #LinuxDesktop #PC"
"DGR-199","SCRIPTED_NOT_RENDERED","upgrade-free-to-pro-decision-guide","YouTube Shorts","Buffer","2027-09-10T16:00:00","27","Upgrade in place without reinstalling. — Decision guide","Decision guide: Is this the right choice for your PC? Start with upgrade. Upgrade in place without reinstalling. Buy Pro, open Dagric Hub, paste the receipt code, and keep the existing files and settings. Download everything before installation begins: https://dagric.com #DagricOS #Linux #Shorts"
